eps_bucket,rho_mod,native_cluster,count,min_N,max_N,mean_r,mean_h,mean_z,mean_boost
>5,36,eps=>5;rho210=36,47,246,9906,119.0,92.78004518137784,2.702640983003786,2.075057793341108
>5,0,eps=>5;rho210=0,46,420,9870,189.7826086956522,149.30714572100015,3.2256989505118714,3.285964168386888
>5,6,eps=>5;rho210=6,46,426,9876,120.95652173913044,93.30357289617581,2.812056700813503,2.062791948255809
>5,18,eps=>5;rho210=18,46,438,9888,119.30434782608695,93.86557752524753,2.5780011112054178,2.0708647289439637
>5,30,eps=>5;rho210=30,46,450,9900,160.6086956521739,125.86883825793949,3.043463249336813,2.7649354476524293
>5,42,eps=>5;rho210=42,46,462,9912,142.43478260869566,113.42870118568574,2.6715232098576505,2.4894527064717558
>5,48,eps=>5;rho210=48,46,468,9918,118.3695652173913,94.573529853913,2.4050326629258207,2.0753915106800926
>5,54,eps=>5;rho210=54,46,474,9924,120.06521739130434,94.51082707229337,2.6028572996171833,2.069204739733853
>5,60,eps=>5;rho210=60,46,480,9930,160.67391304347825,125.88792931122255,3.031871714500249,2.7575317596047877
>5,66,eps=>5;rho210=66,46,486,9936,121.02173913043478,94.97395474996232,2.6318554378731975,2.072848388276806
>5,70,eps=>5;rho210=70,46,490,9940,99.02173913043478,75.90212822848754,2.629977050341433,1.6571387506396362
>5,78,eps=>5;rho210=78,46,288,9948,120.65217391304348,94.55814750006066,2.6415927164685193,2.066151469157382
>5,82,eps=>5;rho210=82,46,502,9952,62.84782608695652,47.417797273059655,2.2435623073144906,1.034065899404291
>5,84,eps=>5;rho210=84,46,504,9954,146.2173913043478,113.75935036571373,2.988430683255643,2.482148288741556
>5,90,eps=>5;rho210=90,46,510,9960,160.80434782608697,126.97408081825102,2.9348449718323657,2.765143396083386
>5,96,eps=>5;rho210=96,46,516,9966,121.65217391304348,95.4302023933217,2.606258529376007,2.075341076041784
>5,102,eps=>5;rho210=102,46,522,9972,120.34782608695652,94.9343270092389,2.561071690207241,2.063886024279475
>5,108,eps=>5;rho210=108,46,528,9978,118.6304347826087,95.44911274395099,2.3122932991975826,2.073358600676978
>5,112,eps=>5;rho210=112,46,532,9982,75.34782608695652,57.27554383505084,2.3530725130106758,1.242865145630575
>5,114,eps=>5;rho210=114,46,324,9984,122.78260869565217,95.24180195296826,2.801374475053141,2.068580216515365
>5,120,eps=>5;rho210=120,46,540,9990,162.2173913043478,127.41551063085127,3.0278884809498248,2.7576276582466672
>5,126,eps=>5;rho210=126,46,546,9996,146.84782608695653,114.7839678059254,2.926147875554079,2.4872964383841607
>5,144,eps=>5;rho210=144,46,354,9804,121.0,93.11610680556687,2.8259791416653903,2.074962277038835
>5,180,eps=>5;rho210=180,46,390,9840,157.0,124.25601223021063,2.857927484812916,2.761414188810954
>5,204,eps=>5;rho210=204,46,414,9864,120.82608695652173,93.47023588489321,2.784280834318155,2.0715267968197333
>5,24,eps=>5;rho210=24,45,654,9894,123.35555555555555,95.87246182608321,2.776609913599349,2.069606791641153
>5,28,eps=>5;rho210=28,45,658,9898,74.88888888888889,57.25455362633818,2.319096668636074,1.2393120874356465
>5,34,eps=>5;rho210=34,45,664,9904,63.28888888888889,47.8474563616229,2.2281285643949333,1.0338435851897492
>5,40,eps=>5;rho210=40,45,670,9910,83.35555555555555,63.83320208079824,2.4278909186494833,1.3781232367819418
>5,58,eps=>5;rho210=58,45,688,9928,63.6,48.161547733871316,2.2577469645370933,1.034414662232085
>5,64,eps=>5;rho210=64,45,274,9934,64.08888888888889,48.176177261849865,2.3407144275063705,1.0356836074075801
>5,100,eps=>5;rho210=100,45,730,9970,84.0,64.55334642568374,2.3935038965833195,1.3784568367466095
>5,116,eps=>5;rho210=116,45,746,9986,62.22222222222222,48.53672867695276,1.9591031611283467,1.0354799024799684
>5,156,eps=>5;rho210=156,45,576,9816,121.97777777777777,94.6351697198188,2.763524427935554,2.069344709984566
>5,160,eps=>5;rho210=160,45,580,9820,82.86666666666666,62.9464610127493,2.4777336805210672,1.3782852616203745
>5,168,eps=>5;rho210=168,45,588,9828,143.2888888888889,113.97391068648732,2.6857910239356126,2.487756711478894
>5,174,eps=>5;rho210=174,45,594,9834,122.95555555555555,95.15011142119363,2.7735598231305687,2.07611504642401
>5,186,eps=>5;rho210=186,45,606,9846,122.35555555555555,95.10764263620186,2.7481156916380423,2.0697633319953157
>5,196,eps=>5;rho210=196,45,616,9856,74.88888888888889,57.33865387876241,2.315153858072758,1.246536170298892
>5,198,eps=>5;rho210=198,45,618,9858,122.13333333333334,95.46956023456968,2.683550779328521,2.071512212413514
>5,202,eps=>5;rho210=202,45,622,9862,63.86666666666667,47.64742304450438,2.3617686822195973,1.0355496861954963
>5,12,eps=>5;rho210=12,44,852,9882,121.68181818181819,97.51273170194845,2.38983703758031,2.0745643142099883
>5,16,eps=>5;rho210=16,44,856,9886,63.09090909090909,48.70185860285267,2.0653300850103804,1.0363777914512202
>5,46,eps=>5;rho210=46,44,676,9916,64.1590909090909,48.887108113923006,2.178869329089278,1.0366400288199316
>5,50,eps=>5;rho210=50,44,680,9920,82.8409090909091,64.89505905047531,2.1952676809973957,1.3794479117747882
>5,72,eps=>5;rho210=72,44,702,9942,123.5909090909091,98.15047447788375,2.5229393209207474,2.074087261510546
>5,76,eps=>5;rho210=76,44,706,9946,66.36363636363636,49.22944980100693,2.4517303085492186,1.0352478157285983
>5,106,eps=>5;rho210=106,44,526,9976,63.29545454545455,48.6470525070854,2.1166433120361807,1.0304250592033162
>5,130,eps=>5;rho210=130,44,550,10000,85.43181818181819,65.81773868403296,2.398067361005447,1.3802825645277415
>5,138,eps=>5;rho210=138,44,768,9798,120.04545454545455,95.98096094598621,2.4112492954849998,2.067891780969317
>5,150,eps=>5;rho210=150,44,780,9810,161.45454545454547,128.2660374949175,2.877994936247061,2.7623266074087094
>5,162,eps=>5;rho210=162,44,582,9822,122.9090909090909,95.8090184620674,2.7261065592440072,2.0694641104650233
>5,170,eps=>5;rho210=170,44,800,9830,81.68181818181819,64.5001232629134,2.0938400506191432,1.3826043878769598
>5,172,eps=>5;rho210=172,44,592,9832,63.43181818181818,48.26713639897846,2.176257736695753,1.0372730438034965
>5,184,eps=>5;rho210=184,44,814,9844,63.75,48.45192386744606,2.200355006399391,1.0373861169882825
>5,190,eps=>5;rho210=190,44,610,9850,83.79545454545455,64.58232738578867,2.3999544529373664,1.3819151696323182
>5,192,eps=>5;rho210=192,44,612,9852,120.31818181818181,96.46263604897112,2.389173108923192,2.0689348356306336
>5,4,eps=>5;rho210=4,43,1054,9874,66.0,49.400504495264585,2.365803135383977,1.0364732396940493
>5,22,eps=>5;rho210=22,43,1072,9892,65.67441860465117,49.59603697374883,2.251680726934195,1.0354454252817993
>5,44,eps=>5;rho210=44,43,884,9914,64.18604651162791,49.62507398093297,2.0657858810190954,1.037214504598865
>5,52,eps=>5;rho210=52,43,892,9922,64.95348837209302,49.709656350263366,2.1450510839470214,1.0361709316054102
>5,56,eps=>5;rho210=56,43,1106,9926,75.65116279069767,59.72048327204545,2.027513489816405,1.241207342317405
>5,94,eps=>5;rho210=94,43,514,9964,64.72093023255815,49.183056207522206,2.1885520576888053,1.0356358985257823
>5,110,eps=>5;rho210=110,43,950,9980,82.88372093023256,66.92694396927686,1.9164677123386022,1.3827467463212844
>5,124,eps=>5;rho210=124,43,1174,9994,65.53488372093024,50.33922793282323,2.1520695089102433,1.0347629023061122
>5,132,eps=>5;rho210=132,43,762,9792,123.11627906976744,97.79447688633147,2.505746335787958,2.0718797882425553
>5,136,eps=>5;rho210=136,43,766,9796,64.53488372093024,48.69954534298518,2.2467872061231886,1.0345359100325444
>5,140,eps=>5;rho210=140,43,770,9800,96.23255813953489,77.81464827759305,2.0537181968987817,1.6554809285400338
>5,142,eps=>5;rho210=142,43,772,9802,64.27906976744185,48.963467580306265,2.1956992103158686,1.036578522773605
>5,148,eps=>5;rho210=148,43,988,9808,64.86046511627907,48.990933421399966,2.2614315325219416,1.037054096387462
>5,154,eps=>5;rho210=154,43,994,9814,77.44186046511628,58.79989432463212,2.4242481003756198,1.241954037659962
>5,178,eps=>5;rho210=178,43,1018,9838,64.04651162790698,49.16892320761937,2.1167037068069376,1.034552871638126
>5,200,eps=>5;rho210=200,43,830,9860,83.13953488372093,65.3725755804225,2.168306554012313,1.3842924460822539
>5,10,eps=>5;rho210=10,42,850,9880,87.9047619047619,67.0080988893096,2.5073760082522463,1.3856168928184498
>5,14,eps=>5;rho210=14,42,1064,9884,76.26190476190476,60.32766214239645,2.017698142109495,1.242327824237061
>5,20,eps=>5;rho210=20,42,650,9890,82.92857142857143,66.81832902238108,1.9332401432632327,1.382925711071978
>5,26,eps=>5;rho210=26,42,1076,9896,63.07142857142857,50.04803389930866,1.8376783597285442,1.0364788516936212
>5,32,eps=>5;rho210=32,42,872,9902,62.404761904761905,49.85519163775342,1.7668868938498032,1.0356029017001778
>5,86,eps=>5;rho210=86,42,1136,9956,66.47619047619048,50.80025037789029,2.180720422745791,1.034930793995817
>5,118,eps=>5;rho210=118,42,748,9988,65.21428571428571,50.55948146951127,2.0607759342239182,1.0405321712666424
>5,164,eps=>5;rho210=164,42,794,9824,62.285714285714285,49.80422954722254,1.7890777307711931,1.0357637963279285
>5,194,eps=>5;rho210=194,42,614,9854,63.142857142857146,49.634248231878885,1.9010900308938834,1.0338042147745212
>5,208,eps=>5;rho210=208,42,628,9868,66.38095238095238,50.17590342843404,2.285901680776864,1.0350691465127675
>5,74,eps=>5;rho210=74,41,704,9944,66.3170731707317,50.94795826567032,2.138260896458831,1.0387890878228543
>5,80,eps=>5;rho210=80,41,1130,9950,83.29268292682927,68.45587995362501,1.7838933527695742,1.3777037389164588
>5,88,eps=>5;rho210=88,41,508,9958,67.09756097560975,51.55553105821188,2.1509522521433135,1.037922645704016
>5,176,eps=>5;rho210=176,41,1226,9836,65.70731707317073,50.86284621127258,2.0891644652933627,1.0359938567593132
>5,182,eps=>5;rho210=182,41,1232,9842,74.51219512195122,60.947324284104646,1.7208272421503334,1.2443282545661696
>5,2,eps=>5;rho210=2,40,842,9872,63.35,50.91529162348624,1.7316905251689914,1.0346862238490264
>5,92,eps=>5;rho210=92,40,1562,9962,66.275,52.321732303979466,1.9149961197727716,1.0370203014975332
>5,134,eps=>5;rho210=134,40,764,9794,65.825,51.14533080464304,2.039242671291148,1.0361862399081039
>5,146,eps=>5;rho210=146,40,1196,9806,65.225,51.1790956389164,1.929213314330592,1.0381512020801966
>5,206,eps=>5;rho210=206,40,1466,9866,63.8,51.40516196199849,1.7437791056362175,1.0343312675898786
>5,8,eps=>5;rho210=8,39,1478,9878,64.3076923076923,51.37256369972689,1.7854757413869544,1.0370244571266887
>5,104,eps=>5;rho210=104,39,1364,9974,68.61538461538461,53.273876004232385,2.090292594519455,1.0395320679042623
>5,166,eps=>5;rho210=166,39,1636,9826,68.23076923076923,52.183126476823496,2.225581327510159,1.0332666086995512
>5,98,eps=>5;rho210=98,38,1148,9968,78.63157894736842,64.6714573926668,1.7078815235049818,1.248520779709521
>5,158,eps=>5;rho210=158,38,1628,9818,65.65789473684211,52.63163321258819,1.7935865236103457,1.0336835708464727
>5,188,eps=>5;rho210=188,38,1658,9848,64.13157894736842,52.352441859936356,1.622190449790003,1.036015428853998
>5,122,eps=>5;rho210=122,37,1592,9992,65.70270270270271,54.07949446250813,1.5687115919849202,1.0375857363083347
>5,62,eps=>5;rho210=62,36,1952,9932,64.77777777777777,53.31953842976044,1.5566216176590735,1.0339444545161074
>5,68,eps=>5;rho210=68,35,1118,9938,65.48571428571428,53.91177260911488,1.5528668071709657,1.0361369370443299
>5,128,eps=>5;rho210=128,35,1808,9998,69.57142857142857,56.032625617194896,1.7909255960274648,1.0334987830375815
>5,38,eps=>5;rho210=38,32,1928,9908,68.78125,56.65836643918919,1.6077335815072364,1.0360259159065772
>5,152,eps=>5;rho210=152,32,2042,9812,67.71875,55.8616288702343,1.6034200787775332,1.0356642796529216
5,88,eps=5;rho210=88,6,298,1558,18.5,13.958962828379335,1.2880592091132717,1.0228937453849307
1,62,eps=1;rho210=62,5,62,1112,10.4,9.80241669185455,0.22210057982135317,1.0507795576355725
5,68,eps=5;rho210=68,5,1328,5528,36.2,31.64726734312966,0.8458020278137685,1.020053857574923
1,38,eps=1;rho210=38,4,248,1718,11.75,11.153192390600374,0.19457265033115068,1.0115288780421081
1,122,eps=1;rho210=122,4,122,2642,14.75,13.957251318073837,0.2371782721883202,1.035875674213244
2,128,eps=2;rho210=128,4,338,1178,14.0,12.099513980871025,0.5682740423023123,1.0761905737564967
2,152,eps=2;rho210=152,4,362,9602,31.25,30.079328822410925,0.2681132084249193,1.031259454394635
3,92,eps=3;rho210=92,4,302,1142,13.0,10.431306444640397,0.8322831986239767,1.0168231020130065
3,128,eps=3;rho210=128,4,1388,2648,26.5,23.796101796110385,0.5606520841662834,1.0411172580862955
4,2,eps=4;rho210=2,4,422,4412,24.5,21.081056305946923,0.8502846565587954,1.0116403522175539
4,104,eps=4;rho210=104,4,734,1784,20.5,16.70411660929492,0.9489695123903565,1.0025694071725817
4,134,eps=4;rho210=134,4,344,1604,17.5,13.992353748479129,0.9794839996026654,1.0143824484520327
4,152,eps=4;rho210=152,4,1202,3092,29.0,25.634827172642446,0.6856081231335303,1.031774031956241
5,38,eps=5;rho210=38,4,2138,5078,42.5,37.826834952408724,0.7805319903429491,1.0172958149105333
5,118,eps=5;rho210=118,4,538,2218,24.5,19.84789136772396,1.1188757994673009,1.0203654149604364
0,152,eps=0;rho210=152,3,152,2672,14.333333333333334,14.689032116280849,-0.10051894037721974,1.0923351158645278
1,182,eps=1;rho210=182,3,182,1022,12.0,11.610726346891816,0.10640401886669733,1.2517535367415134
2,80,eps=2;rho210=80,3,290,710,13.0,11.446393722772903,0.4757095998450092,1.3562354625156559
3,62,eps=3;rho210=62,3,482,4472,28.333333333333332,25.979797244675694,0.5634887308452238,1.076464345940823
3,68,eps=3;rho210=68,3,908,5948,31.666666666666668,29.321043192685888,0.46642446544720984,1.0381205141989456
3,122,eps=3;rho210=122,3,752,1382,17.333333333333332,14.863439392357213,0.6469835911104705,1.0090366757163098
3,176,eps=3;rho210=176,3,176,806,11.666666666666666,9.31270487374981,0.8113043722723021,1.0821468259891904
4,8,eps=4;rho210=8,3,638,5468,28.666666666666668,25.163187128151492,0.8189055529870277,1.0668716742790816
4,38,eps=4;rho210=38,3,1508,2978,30.0,26.406756531445964,0.7104628953088324,1.0442562372085742
4,74,eps=4;rho210=74,3,494,1964,19.333333333333332,15.826137464602041,0.9159070674252267,1.0535698110231584
4,94,eps=4;rho210=94,3,304,1354,15.333333333333334,11.600844533487809,1.1533222035013473,1.0219638676906724
4,146,eps=4;rho210=146,3,566,2456,22.0,18.422178687622456,0.8991709741999733,1.0319710125459671
4,148,eps=4;rho210=148,3,358,778,12.666666666666666,9.317058760498087,1.1119999985139792,1.0075754834884927
4,166,eps=4;rho210=166,3,376,1426,15.666666666666666,12.038543552011916,1.1179561759088772,1.0364674969011975
4,188,eps=4;rho210=188,3,1028,6068,34.666666666666664,31.129675629206442,0.7257874763667842,1.0199436479089323
5,10,eps=5;rho210=10,3,640,1900,27.0,22.207552732506144,1.0544048295139414,1.363032679738562
5,14,eps=5;rho210=14,3,644,1274,21.0,16.4714516956906,1.134666661734374,1.2621909164282046
5,26,eps=5;rho210=26,3,446,2966,21.333333333333332,17.04213093812667,1.1622896691777,1.0025067639796656
5,62,eps=5;rho210=62,3,1322,8042,43.666666666666664,39.47710493305502,0.740216368921673,1.0020702377470851
5,76,eps=5;rho210=76,3,286,916,14.333333333333334,9.66848049972142,1.532665220336079,1.0836697523618382
5,86,eps=5;rho210=86,3,506,1556,19.0,14.07437067820552,1.3480488162837467,1.0562581135820974
5,124,eps=5;rho210=124,3,334,964,15.333333333333334,10.97787149413609,1.3689330467304737,1.0471859459307158
5,154,eps=5;rho210=154,3,364,784,16.0,11.528669358711491,1.342788879849528,1.2466200466200466
5,166,eps=5;rho210=166,3,1006,1846,22.333333333333332,18.203979674123918,0.98540382892141,1.0558463016615764
0,98,eps=0;rho210=98,2,98,308,5.5,5.974960424540539,-0.2250160781368061,1.2666666666666666
1,14,eps=1;rho210=14,2,14,224,4.5,3.8258572177469845,0.35256832587928844,1.2
1,56,eps=1;rho210=56,2,56,266,5.5,4.9473779286068424,0.2367882081625883,1.2352941176470589
1,98,eps=1;rho210=98,2,518,728,13.0,12.645556915442214,0.097163198632427,1.2716883116883115
1,158,eps=1;rho210=158,2,158,368,6.5,5.706949660728938,0.34729760076061034,1.0303030303030303
2,8,eps=2;rho210=8,2,218,428,8.0,6.389843633924582,0.6652073656764624,1.0094348019581663
2,20,eps=2;rho210=20,2,230,860,13.5,12.07818090377194,0.46452840188421524,1.381339527680991
2,22,eps=2;rho210=22,2,22,232,5.0,3.5213679151882573,0.8601368494192443,1.074074074074074
2,38,eps=2;rho210=38,2,878,1298,17.0,15.749648019661425,0.3223998833835895,1.0664463090092382
2,50,eps=2;rho210=50,2,50,260,7.0,5.474950260216976,0.6703530641565817,1.3939393939393938
2,68,eps=2;rho210=68,2,278,1958,17.0,15.56166197713908,0.4110588452247417,1.0655908866329205
2,78,eps=2;rho210=78,2,78,708,15.5,14.002957576540215,0.4256996307245493,2.1084529505582137
2,110,eps=2;rho210=110,2,110,530,10.0,8.478726037655479,0.5311592347451344,1.420479302832244
2,136,eps=2;rho210=136,2,136,556,8.0,6.61121753563053,0.5459254288585518,1.0369829683698297
2,158,eps=2;rho210=158,2,578,2048,18.5,16.660013874648797,0.48598143052264864,1.0333333333333332
2,178,eps=2;rho210=178,2,388,808,11.5,9.653250516540185,0.603051003533833,1.0103136629452418
2,188,eps=2;rho210=188,2,1238,1448,19.0,17.144930520372966,0.44861053542950524,1.0036036688608605
3,38,eps=3;rho210=38,2,1088,4028,31.0,28.666102344570227,0.4753463717733136,1.0731257208765859
3,74,eps=3;rho210=74,2,74,284,6.5,4.336437419051803,1.1121897442517532,1.0215320910973085
3,86,eps=3;rho210=86,2,86,716,9.5,6.9656065295042,1.056442969408553,1.0150199807082818
3,98,eps=3;rho210=98,2,1568,1988,27.5,25.322292205682068,0.4330375920098801,1.2086956521739132
3,104,eps=3;rho210=104,2,314,524,10.0,7.601521560288404,0.8886229071183105,1.007101775443861
3,110,eps=3;rho210=110,2,320,740,14.5,11.9073524694901,0.7738630906134403,1.3523809523809522
3,146,eps=3;rho210=146,2,146,356,7.5,5.411428475756788,0.9228498649828656,1.0127893799579084
3,170,eps=3;rho210=170,2,170,380,11.0,8.044101035078114,1.06698683164972,1.4169934640522874
3,206,eps=3;rho210=206,2,206,626,9.5,7.4183739943899445,0.8078848391952524,1.0065582120913055
4,4,eps=4;rho210=4,2,214,634,11.0,7.519607546209144,1.3007101294191328,1.0063492063492063
4,32,eps=4;rho210=32,2,452,662,13.0,9.222821111270534,1.2548494776820163,1.0060242613434103
4,34,eps=4;rho210=34,2,244,454,10.5,6.731715097272413,1.4663581667191878,1.0106967984934085
4,44,eps=4;rho210=44,2,254,464,10.5,6.969417128592733,1.3582507234901082,1.0225185185185186
4,52,eps=4;rho210=52,2,262,682,12.5,8.888194138165195,1.2639173575636728,1.078588612670409
4,56,eps=4;rho210=56,2,476,686,15.0,11.66132404813471,0.9819422019051938,1.24
4,92,eps=4;rho210=92,2,932,1352,19.5,15.975920190192207,0.8974293498466934,1.0476190476190474
4,122,eps=4;rho210=122,2,2012,4532,39.0,35.182926788599225,0.6810448124779992,1.062054109602577
4,128,eps=4;rho210=128,2,758,2228,21.5,18.10347705474033,0.8528986269487093,1.0022271608478506
4,158,eps=4;rho210=158,2,788,998,16.0,12.798877905465094,0.8975300057835356,1.0035701387814062
4,182,eps=4;rho210=182,2,812,1652,23.0,19.558487440253288,0.7871781090273666,1.2327485380116958
4,184,eps=4;rho210=184,2,184,394,9.5,5.9994832759522065,1.4477215052394734,1.0263736263736263
4,194,eps=4;rho210=194,2,404,824,13.5,9.833041177950083,1.189804916329722,1.0100010001000101
4,196,eps=4;rho210=196,2,196,406,11.0,7.409511342479211,1.3430789571122164,1.222222222222222
4,206,eps=4;rho210=206,2,836,1256,19.0,15.365253029212328,0.9290209277109199,1.0914611005692598
5,4,eps=5;rho210=4,2,424,844,14.5,10.064243210004678,1.4172743466067326,1.0121962660662351
5,8,eps=5;rho210=8,2,1268,4208,33.0,28.247176519476042,0.952580729574906,1.0035030103995621
5,20,eps=5;rho210=20,2,1280,2120,32.0,27.22194325570162,0.9326894266473749,1.3464052287581698
5,22,eps=5;rho210=22,2,652,862,16.0,11.399297481066192,1.3685224241313971,1.004271091227613
5,32,eps=5;rho210=32,2,1292,4022,33.0,28.667764396311714,0.8452211878387168,1.064954762392762
5,44,eps=5;rho210=44,2,674,1514,19.0,14.592520984001943,1.1923226729231209,1.002154788969062
5,52,eps=5;rho210=52,2,472,1732,19.0,14.48683854239135,1.2850509305554785,1.0099320226319861
5,64,eps=5;rho210=64,2,484,904,15.5,11.14286970668769,1.3280640663416006,1.06006006006006
5,72,eps=5;rho210=72,2,282,492,19.0,14.648940596500026,1.1440247583937815,2.0478632478632477
5,80,eps=5;rho210=80,2,920,1550,27.0,22.185124264295283,1.0342070554810507,1.3880678708264915
5,98,eps=5;rho210=98,2,2198,3038,38.5,34.15564444825403,0.7491041739486293,1.2245606229143493
5,104,eps=5;rho210=104,2,944,1994,22.5,18.169784978751842,1.0470327862275273,1.0092744423873756
5,106,eps=5;rho210=106,2,946,2626,27.5,22.97816225602711,1.0013884119183438,1.1200698783847343
5,128,eps=5;rho210=128,2,2018,3698,35.0,30.03972741378773,0.9245475477926086,1.0126916462809117
5,130,eps=5;rho210=130,2,760,1180,23.5,18.611051597926924,1.1413269569117501,1.3842449260405916
5,142,eps=5;rho210=142,2,142,562,11.0,6.580141415833504,1.8218898482698234,1.0090384915069346
5,146,eps=5;rho210=146,2,776,986,18.0,13.421474061841067,1.2528361761603675,1.0583495776478231
5,152,eps=5;rho210=152,2,1622,3302,32.5,28.068982632804726,0.8651208707745213,1.0504362287897515
5,158,eps=5;rho210=158,2,1208,2678,28.0,23.603015655204178,0.9317341654163673,1.0542107902065374
5,176,eps=5;rho210=176,2,386,1436,17.0,12.604972141555905,1.3620271850333994,1.0040183612712101
5,194,eps=5;rho210=194,2,1034,2504,26.5,21.585611844818306,1.0845584951236082,1.0695089516097018
5,200,eps=5;rho210=200,2,620,3140,32.5,28.280376782858536,0.9003717667388123,1.360622914349277
5,208,eps=5;rho210=208,2,838,1048,18.0,13.327408302503429,1.284122325738859,1.0050750097596342
-1,6,eps=-1;rho210=6,1,6,6,1.0,2.4675856173456734,-0.9342590894379015,2.0
-1,12,eps=-1;rho210=12,1,12,12,1.0,2.5659103941172656,-0.9775661700901488,2.0
-1,30,eps=-1;rho210=30,1,30,30,3.0,4.565377727091596,-0.7326234108114569,2.6666666666666665
-1,152,eps=-1;rho210=152,1,992,992,13.0,14.230560467186903,-0.3262060086455548,1.0344827586206897
0,2,eps=0;rho210=2,1,632,632,10.0,10.162522027918051,-0.05098136775227738,1.0129870129870129
0,4,eps=0;rho210=4,1,4,4,1.0,1.3740403259480107,-0.31909403619476767,1.0
0,8,eps=0;rho210=8,1,8,8,1.0,1.2213691786204544,-0.20030586949935641,1.0
0,18,eps=0;rho210=18,1,18,18,2.0,2.844759075082922,-0.500852816396344,2.0
0,24,eps=0;rho210=24,1,24,24,3.0,3.1373945665552387,-0.07756842767031487,2.0
0,38,eps=0;rho210=38,1,38,38,2.0,2.0073865207606403,-0.005213440495262135,1.0588235294117647
0,42,eps=0;rho210=42,1,42,42,4.0,4.7633129123299245,-0.34974221237852676,2.4
0,60,eps=0;rho210=60,1,60,60,6.0,6.300885782362677,-0.11986733867373724,2.6666666666666665
0,68,eps=0;rho210=68,1,68,68,2.0,2.6894561553011433,-0.4204113370275332,1.0666666666666667
0,122,eps=0;rho210=122,1,332,332,6.0,6.584043250233951,-0.22761384311709137,1.0123456790123457
0,128,eps=0;rho210=128,1,128,128,3.0,3.5893298310478654,-0.311065424268187,1.0
0,188,eps=0;rho210=188,1,398,398,7.0,7.3687432906177275,-0.13583991884895133,1.0050761421319796
1,10,eps=1;rho210=10,1,10,10,2.0,1.6601898718552883,0.26372872730138003,1.3333333333333333
1,12,eps=1;rho210=12,1,222,222,11.0,10.328797383978621,0.208847250179782,2.057142857142857
1,16,eps=1;rho210=16,1,16,16,2.0,1.3740403259480107,0.5340065897498256,1.0
1,20,eps=1;rho210=20,1,20,20,2.0,1.9616121227831425,0.02740864265104294,1.3333333333333333
1,28,eps=1;rho210=28,1,28,28,2.0,1.997682119926975,0.001639939288756342,1.2
1,32,eps=1;rho210=32,1,32,32,2.0,1.758771617213454,0.18189622294870966,1.0
1,36,eps=1;rho210=36,1,36,36,4.0,3.7013784260185103,0.15521705373310582,2.0
1,40,eps=1;rho210=40,1,40,40,3.0,2.5873799106010416,0.25651943100452995,1.3333333333333333
1,44,eps=1;rho210=44,1,44,44,3.0,2.2537969378580156,0.4970494924273972,1.1111111111111112
1,48,eps=1;rho210=48,1,48,48,5.0,4.22892700481598,0.3749560789114605,2.0
1,52,eps=1;rho210=52,1,52,52,3.0,2.398693004243832,0.38824772742783176,1.0909090909090908
1,54,eps=1;rho210=54,1,54,54,5.0,4.480738074014569,0.24530799401111672,2.0
1,66,eps=1;rho210=66,1,66,66,6.0,5.516013898630787,0.20607258277810298,2.2222222222222223
1,68,eps=1;rho210=68,1,488,488,9.0,8.549562796204496,0.1540502120810405,1.0169491525423728
1,70,eps=1;rho210=70,1,70,70,5.0,4.096360324484109,0.44647404335662316,1.5999999999999999
1,72,eps=1;rho210=72,1,72,72,6.0,5.197592186439306,0.351960599360202,2.0
1,80,eps=1;rho210=80,1,80,80,4.0,3.667153580254382,0.17381183337306555,1.3333333333333333
1,88,eps=1;rho210=88,1,88,88,4.0,3.2199641128852936,0.434699427299714,1.1111111111111112
1,92,eps=1;rho210=92,1,92,92,4.0,3.1118675901994046,0.5034625416058501,1.0476190476190477
1,96,eps=1;rho210=96,1,96,96,7.0,6.084068501674204,0.3713350525166955,2.0
1,116,eps=1;rho210=116,1,326,326,7.0,6.466444838484134,0.20981983295855888,1.0062111801242235
1,132,eps=1;rho210=132,1,132,132,9.0,8.122198601028472,0.3080062054633705,2.2222222222222223
1,138,eps=1;rho210=138,1,138,138,8.0,7.862361769275674,0.04908655684881987,2.0952380952380953
1,140,eps=1;rho210=140,1,140,140,7.0,6.055580557333643,0.38378414256288484,1.5999999999999999
1,148,eps=1;rho210=148,1,148,148,5.0,4.024305819705915,0.4863716205436569,1.0285714285714285
1,152,eps=1;rho210=152,1,1412,1412,18.0,17.771076727248694,0.054304156857210996,1.002849002849003
1,164,eps=1;rho210=164,1,164,164,5.0,4.269450966897412,0.35356018721302057,1.0256410256410255
1,188,eps=1;rho210=188,1,188,188,5.0,4.626802686695795,0.17349941668055102,1.0222222222222221
1,206,eps=1;rho210=206,1,2936,2936,31.0,30.483597535683845,0.09353091790812015,1.0027397260273974
2,2,eps=2;rho210=2,1,212,212,6.0,4.973283548909002,0.4603932103960497,1.0196078431372548
2,10,eps=2;rho210=10,1,220,220,9.0,7.396178815419204,0.5897286736785666,1.4814814814814814
2,16,eps=2;rho210=16,1,226,226,7.0,5.1235334752376955,0.8290028663891512,1.009009009009009
2,18,eps=2;rho210=18,1,228,228,12.0,10.812941374012448,0.3609942164776894,2.1176470588235294
2,26,eps=2;rho210=26,1,26,26,3.0,1.7639424545326903,0.9306716476902732,1.0909090909090908
2,40,eps=2;rho210=40,1,250,250,9.0,7.218070859415744,0.6632539719725563,1.3333333333333333
2,46,eps=2;rho210=46,1,46,46,4.0,2.170312326902134,1.2419835498389473,1.0476190476190477
2,58,eps=2;rho210=58,1,58,58,4.0,2.408384495985236,1.0255934761104004,1.037037037037037
2,74,eps=2;rho210=74,1,1544,1544,21.0,19.007334331669917,0.4570606484758204,1.0052356020942408
2,82,eps=2;rho210=82,1,292,292,8.0,6.066068092120939,0.785213103419185,1.0140845070422535
2,84,eps=2;rho210=84,1,84,84,8.0,6.779120309310647,0.46890644128319603,2.4
2,86,eps=2;rho210=86,1,296,296,8.0,6.207220396500217,0.719578733386709,1.0285714285714285
2,90,eps=2;rho210=90,1,90,90,9.0,7.824801933209948,0.4201210011768432,2.6666666666666665
2,94,eps=2;rho210=94,1,94,94,5.0,3.0731357181466548,1.099158331509445,1.0222222222222221
2,96,eps=2;rho210=96,1,306,306,15.0,13.155103140971303,0.5086569264647535,2.1333333333333333
2,98,eps=2;rho210=98,1,938,938,18.0,16.109304757731813,0.4710674893810382,1.2184615384615383
2,100,eps=2;rho210=100,1,100,100,6.0,4.15047467963822,0.9078443538038906,1.3333333333333333
2,102,eps=2;rho210=102,1,102,102,8.0,6.715694373904382,0.4955904435444276,2.1333333333333333
2,104,eps=2;rho210=104,1,104,104,5.0,3.472280251623942,0.8198535990452865,1.0909090909090908
2,108,eps=2;rho210=108,1,108,108,8.0,6.504545992012321,0.5863603111556281,2.0
2,124,eps=2;rho210=124,1,124,124,5.0,3.6446055172368927,0.709970738065514,1.0344827586206897
2,126,eps=2;rho210=126,1,126,126,10.0,8.535107035004438,0.5014197170300595,2.4
2,130,eps=2;rho210=130,1,130,130,7.0,5.268694082348491,0.7542621628033549,1.4545454545454544
2,134,eps=2;rho210=134,1,554,554,11.0,9.1979735395103,0.5941759727101789,1.0036363636363637
2,150,eps=2;rho210=150,1,150,150,12.0,10.517797519101169,0.4570304465243755,2.6666666666666665
2,162,eps=2;rho210=162,1,162,162,10.0,8.263615840071902,0.6040331246877004,2.0
2,164,eps=2;rho210=164,1,374,374,10.0,8.337591494897271,0.5757281249376598,1.1851851851851851
2,166,eps=2;rho210=166,1,166,166,6.0,4.245293365921021,0.8516294367962328,1.0123456790123457
2,172,eps=2;rho210=172,1,172,172,6.0,4.389878525765915,0.7684796841799085,1.024390243902439
2,190,eps=2;rho210=190,1,190,190,8.0,6.431913703146873,0.618300866607467,1.4117647058823528
2,192,eps=2;rho210=192,1,192,192,11.0,9.171150642776805,0.6039013778013222,2.0
2,200,eps=2;rho210=200,1,200,200,8.0,6.271092339081022,0.6903990750792832,1.3333333333333333
2,206,eps=2;rho210=206,1,416,416,10.0,8.237567108731989,0.6140632493545365,1.0909090909090908
2,208,eps=2;rho210=208,1,208,208,7.0,5.257996877261148,0.7596941239833916,1.0909090909090908
3,2,eps=3;rho210=2,1,1472,1472,22.0,19.13309158486501,0.6554223461089681,1.0476190476190477
3,8,eps=3;rho210=8,1,848,848,15.0,12.554183640794868,0.6902868608078463,1.0196078431372548
3,20,eps=3;rho210=20,1,440,440,14.0,11.615150652527138,0.6997590533731969,1.4814814814814814
3,26,eps=3;rho210=26,1,656,656,13.0,10.557818790113027,0.7516069436232836,1.0256410256410255
3,28,eps=3;rho210=28,1,238,238,9.0,6.715868537411686,0.8813938236279056,1.28
3,32,eps=3;rho210=32,1,242,242,8.0,5.891781741592296,0.8685448412884808,1.1111111111111112
3,34,eps=3;rho210=34,1,34,34,4.0,1.9253275224668602,1.4951929344611854,1.0666666666666667
3,42,eps=3;rho210=42,1,252,252,16.0,13.058749700897785,0.8139189976798763,2.4
3,46,eps=3;rho210=46,1,256,256,8.0,5.496161303792043,1.0680131794996512,1.0
3,48,eps=3;rho210=48,1,258,258,14.0,11.316614212854276,0.7976729405006465,2.048780487804878
3,58,eps=3;rho210=58,1,478,478,11.0,8.32513686026585,0.9270557996982929,1.0042194092827004
3,64,eps=3;rho210=64,1,64,64,5.0,2.4427383572409087,1.6362011311064097,1.0
3,76,eps=3;rho210=76,1,76,76,5.0,2.8324658999240024,1.2879043010588385,1.0588235294117647
3,82,eps=3;rho210=82,1,82,82,5.0,2.8590968872600597,1.2661424721958687,1.0256410256410255
3,106,eps=3;rho210=106,1,106,106,6.0,3.280777783926744,1.5012613093576335,1.0196078431372548
3,108,eps=3;rho210=108,1,318,318,15.0,12.893963323411358,0.5865063450995387,2.0392156862745097
3,112,eps=3;rho210=112,1,322,322,11.0,8.01409303818968,1.0547489006060433,1.2571428571428571
3,114,eps=3;rho210=114,1,114,114,10.0,7.104754065607246,1.0862028446415077,2.1176470588235294
3,116,eps=3;rho210=116,1,116,116,6.0,3.5144646606193355,1.3258376634725775,1.037037037037037
3,118,eps=3;rho210=118,1,118,118,6.0,3.482764674949436,1.3488440864833435,1.0175438596491229
3,120,eps=3;rho210=120,1,120,120,12.0,9.216887855374091,0.9167239015783162,2.6666666666666665
3,132,eps=3;rho210=132,1,342,342,17.0,14.043538182729465,0.788921886875993,2.1176470588235294
3,134,eps=3;rho210=134,1,134,134,6.0,3.7443516285217795,1.1656900412317563,1.0153846153846153
3,136,eps=3;rho210=136,1,346,346,9.0,6.721652001838664,0.8787838105801155,1.0058479532163742
3,138,eps=3;rho210=138,1,348,348,16.0,13.912821717788319,0.5595667973422953,2.074074074074074
3,140,eps=3;rho210=140,1,350,350,13.0,10.77332111137451,0.6783952356226317,1.5999999999999999
3,142,eps=3;rho210=142,1,352,352,10.0,7.509607947309316,0.9087806880363463,1.1111111111111112
3,154,eps=3;rho210=154,1,154,154,8.0,5.342864127810231,1.1495469078440441,1.3333333333333333
3,156,eps=3;rho210=156,1,156,156,11.0,8.811210290224777,0.7373713426981819,2.1818181818181817
3,158,eps=3;rho210=158,1,1418,1418,20.0,17.800241947235165,0.5213891189698747,1.0014144271570014
3,160,eps=3;rho210=160,1,160,160,8.0,5.467732747314907,1.0829437501979509,1.3333333333333333
3,164,eps=3;rho210=164,1,584,584,12.0,9.635450679160845,0.7617498209096061,1.0140845070422535
3,166,eps=3;rho210=166,1,796,796,14.0,11.837544551030229,0.6285160256364595,1.0050761421319796
3,168,eps=3;rho210=168,1,168,168,13.0,10.138151764586134,0.8988085710286938,2.4
3,172,eps=3;rho210=172,1,382,382,10.0,7.1720018377958485,1.0559878633546251,1.0052910052910053
3,174,eps=3;rho210=174,1,174,174,11.0,8.951247097564544,0.6847748617072118,2.074074074074074
3,178,eps=3;rho210=178,1,178,178,7.0,4.426651035138514,1.2230973925851942,1.0114942528735633
3,180,eps=3;rho210=180,1,180,180,14.0,11.750658645343353,0.6561819242898626,2.6666666666666665
3,182,eps=3;rho210=182,1,392,392,11.0,8.709344773040767,0.77618810984629,1.2
3,188,eps=3;rho210=188,1,608,608,13.0,10.342792402009195,0.8262406953183746,1.0588235294117647
3,192,eps=3;rho210=192,1,402,402,17.0,14.988159028889793,0.5196602549849455,2.0307692307692307
3,194,eps=3;rho210=194,1,194,194,7.0,4.663710814719183,1.0818344128295836,1.0105263157894737
3,198,eps=3;rho210=198,1,198,198,13.0,10.38666976786218,0.8108791443975283,2.2222222222222223
3,200,eps=3;rho210=200,1,410,410,13.0,10.226570883786806,0.8672654674545532,1.3675213675213673
3,208,eps=3;rho210=208,1,418,418,11.0,8.912179407467605,0.6993606882323664,1.1764705882352942
4,0,eps=4;rho210=0,1,210,210,19.0,15.516073855980354,0.8844596418525154,3.1999999999999997
4,6,eps=4;rho210=6,1,216,216,13.0,9.870342469382692,0.9961636855283732,2.0
4,10,eps=4;rho210=10,1,430,430,14.0,10.544728642019265,1.0640559292914955,1.3658536585365852
4,12,eps=4;rho210=12,1,432,432,19.0,15.48859705442287,0.8922254939654118,2.0
4,14,eps=4;rho210=14,1,434,434,13.0,9.643433756884011,1.0808847059247753,1.2413793103448276
4,16,eps=4;rho210=16,1,436,436,11.0,7.865142651339768,1.117800967411349,1.0093457943925233
4,22,eps=4;rho210=22,1,442,442,13.0,9.151000245787781,1.2723705247564352,1.1636363636363636
4,24,eps=4;rho210=24,1,234,234,15.0,11.32515555514955,1.0919855017214235,2.1818181818181817
4,26,eps=4;rho210=26,1,236,236,9.0,5.310322513630688,1.601135022714749,1.0175438596491229
4,28,eps=4;rho210=28,1,448,448,13.0,9.522867523237077,1.1267754238861136,1.2
4,30,eps=4;rho210=30,1,240,240,18.0,14.065915153475425,1.0489619271266164,2.6666666666666665
4,46,eps=4;rho210=46,1,1096,1096,18.0,14.877901545605967,0.8094233973945841,1.0074074074074073
4,50,eps=4;rho210=50,1,470,470,15.0,11.171107167691723,1.1455791531195751,1.3629629629629627
4,54,eps=4;rho210=54,1,264,264,16.0,12.456734616739995,1.0039257072391645,2.2222222222222223
4,58,eps=4;rho210=58,1,268,268,9.0,5.746968436690483,1.3569657032565892,1.0153846153846153
4,60,eps=4;rho210=60,1,270,270,19.0,15.165322144339918,0.9846980218577864,2.6666666666666665
4,62,eps=4;rho210=62,1,1532,1532,22.0,18.8506676689043,0.7253625394530472,1.0026246719160106
4,66,eps=4;rho210=66,1,276,276,16.0,12.085323516242765,1.1260734956570937,2.0952380952380953
4,68,eps=4;rho210=68,1,698,698,14.0,10.77728053488184,0.9816754005820544,1.0028818443804035
4,72,eps=4;rho210=72,1,912,912,31.0,27.446409184244164,0.6783044276009665,2.1176470588235294
4,80,eps=4;rho210=80,1,1340,1340,27.0,23.099802429626177,0.8114886963865378,1.3538461538461537
4,98,eps=4;rho210=98,1,1358,1358,24.0,20.890780480649266,0.6802586184460394,1.2126315789473685
4,100,eps=4;rho210=100,1,310,310,12.0,8.577666275465244,1.1685243969483852,1.3793103448275863
4,102,eps=4;rho210=102,1,312,312,17.0,13.625280029385321,0.9142501139962895,2.1818181818181817
4,106,eps=4;rho210=106,1,316,316,10.0,6.378795683936695,1.4337838475264177,1.0129870129870129
4,112,eps=4;rho210=112,1,112,112,7.0,3.9851250943752925,1.5102481681880373,1.2
4,114,eps=4;rho210=114,1,534,534,22.0,18.080525078713116,0.9217695779878106,2.0229885057471266
4,116,eps=4;rho210=116,1,536,536,13.0,9.098187293150422,1.2935671622977782,1.0153846153846153
4,118,eps=4;rho210=118,1,328,328,10.0,6.617752663108333,1.3147709440226973,1.0256410256410255
4,124,eps=4;rho210=124,1,544,544,13.0,9.654767192552352,1.0766026497021486,1.0666666666666667
4,126,eps=4;rho210=126,1,336,336,19.0,15.732081740037065,0.8239068012611348,2.4
4,130,eps=4;rho210=130,1,340,340,13.0,9.395432377803909,1.175966071408065,1.422222222222222
4,132,eps=4;rho210=132,1,552,552,23.0,19.154723210824674,0.878596899030399,2.0952380952380953
4,138,eps=4;rho210=138,1,558,558,23.0,19.054819025844207,0.9037837237501131,2.0689655172413794
4,140,eps=4;rho210=140,1,560,560,18.0,14.771824753787165,0.839924074765055,1.5999999999999999
4,142,eps=4;rho210=142,1,982,982,17.0,13.68554790022288,0.8959435607315742,1.0020449897750512
4,144,eps=4;rho210=144,1,144,144,11.0,7.697731182351797,1.1902304404802668,2.0
4,150,eps=4;rho210=150,1,360,360,22.0,18.292192654048094,0.8669304895770229,2.6666666666666665
4,156,eps=4;rho210=156,1,366,366,18.0,14.104870675691982,1.0371398637178244,2.0338983050847457
4,162,eps=4;rho210=162,1,372,372,18.0,14.50325523256167,0.9181871039000636,2.0689655172413794
4,164,eps=4;rho210=164,1,1424,1424,22.0,18.03449601626872,0.9337839079451062,1.0114942528735633
4,170,eps=4;rho210=170,1,590,590,16.0,12.981839852435082,0.8376723041620379,1.3567251461988303
4,176,eps=4;rho210=176,1,1016,1016,18.0,14.10383150553848,1.0374547769434208,1.008
4,178,eps=4;rho210=178,1,598,598,15.0,11.037071691269533,1.1928594736203957,1.1428571428571428
4,186,eps=4;rho210=186,1,186,186,13.0,9.302932974672522,1.212124914873216,2.0689655172413794
4,190,eps=4;rho210=190,1,820,820,20.0,16.445360174033983,0.8765443760374166,1.3675213675213673
4,202,eps=4;rho210=202,1,412,412,11.0,7.576799450347698,1.243625009410591,1.00990099009901
4,204,eps=4;rho210=204,1,204,204,14.0,10.15834651672836,1.205331974219265,2.1333333333333333
4,208,eps=4;rho210=208,1,1258,1258,21.0,17.886647271773402,0.73614582887057,1.097142857142857
5,12,eps=5;rho210=12,1,642,642,25.0,20.47624166554625,0.9997105447183885,2.019047619047619
5,16,eps=5;rho210=16,1,646,646,16.0,11.503217705353519,1.3258432830398028,1.1294117647058823
5,24,eps=5;rho210=24,1,444,444,21.0,16.226800769872977,1.1849311318644498,2.057142857142857
5,40,eps=5;rho210=40,1,460,460,16.0,11.283806665807582,1.4039892479996163,1.3968253968253967
5,46,eps=5;rho210=46,1,466,466,13.0,8.184340048835027,1.6833095204498663,1.0043290043290043
5,50,eps=5;rho210=50,1,1520,1520,31.0,26.39169465528727,0.8970313238158141,1.4117647058823528
5,56,eps=5;rho210=56,1,896,896,20.0,15.359778385112477,1.1839851298627189,1.2
5,70,eps=5;rho210=70,1,280,280,14.0,9.314788657081069,1.5351212490804005,1.5999999999999999
5,74,eps=5;rho210=74,1,2804,2804,34.0,29.41299888083971,0.8457834696999442,1.0014306151645207
5,84,eps=5;rho210=84,1,294,294,19.0,14.419993142746968,1.2061007882773256,2.4
5,90,eps=5;rho210=90,1,300,300,21.0,16.233586480335056,1.1829992743996447,2.6666666666666665
5,92,eps=5;rho210=92,1,3032,3032,36.0,31.225448951095075,0.8544333583017856,1.0026525198938991
5,94,eps=5;rho210=94,1,4294,4294,48.0,43.281457777246224,0.7172274548073306,1.0683624801271858
5,100,eps=5;rho210=100,1,520,520,17.0,12.767006046820514,1.1846856176283738,1.4545454545454544
5,110,eps=5;rho210=110,1,1370,1370,28.0,23.28797917067125,0.9764304165823184,1.3432098765432097
5,120,eps=5;rho210=120,1,330,330,24.0,19.194219995040168,1.0969293379228395,2.962962962962963
5,122,eps=5;rho210=122,1,3272,3272,38.0,33.059292222441094,0.8592952126531351,1.0024570024570025
5,132,eps=5;rho210=132,1,972,972,32.0,27.117591701339848,0.9375804356211183,2.0
5,134,eps=5;rho210=134,1,1394,1394,24.0,19.207384806621622,1.0935494879833587,1.094017094017094
5,136,eps=5;rho210=136,1,1186,1186,20.0,15.653313477309343,1.0986394237645298,1.0016920473773265
5,140,eps=5;rho210=140,1,980,980,26.0,21.820595853416815,0.8947074764017183,1.5999999999999999
5,150,eps=5;rho210=150,1,570,570,31.0,26.38561434260809,0.8983183758107218,2.8235294117647056
5,160,eps=5;rho210=160,1,370,370,14.0,9.57934190184829,1.428298861353506,1.3714285714285712
5,162,eps=5;rho210=162,1,1422,1422,41.0,36.08545712070703,0.818120025157323,2.0259740259740258
5,164,eps=5;rho210=164,1,1004,1004,18.0,13.92993442947197,1.0905030131016222,1.0040160642570282
5,168,eps=5;rho210=168,1,378,378,22.0,17.003075391275157,1.2118226255837437,2.4
5,172,eps=5;rho210=172,1,802,802,16.0,11.869573421356101,1.1988845157056598,1.0025062656641603
5,174,eps=5;rho210=174,1,384,384,19.0,14.318050630974826,1.2373277866517554,2.0
5,184,eps=5;rho210=184,1,604,604,14.0,9.789205331368343,1.3458304350896426,1.0067114093959733
5,186,eps=5;rho210=186,1,396,396,21.0,16.237730032281718,1.181820048582167,2.2222222222222223
5,188,eps=5;rho210=188,1,818,818,17.0,12.034572677126707,1.4313350052545746,1.0024570024570025
5,190,eps=5;rho210=190,1,400,400,14.0,9.80806061391571,1.3385155586776902,1.3333333333333333
5,192,eps=5;rho210=192,1,822,822,29.0,24.270965560399794,0.9599065382441795,2.0148148148148146
5,198,eps=5;rho210=198,1,408,408,20.0,15.90146806850117,1.0278026007148364,2.1333333333333333
5,202,eps=5;rho210=202,1,202,202,9.0,4.780363734702033,1.9299432761878104,1.0101010101010102
5,206,eps=5;rho210=206,1,1046,1046,19.0,14.312131091875054,1.239148358169799,1.0019193857965452
